{
  "Ansi 5 Color" : {
    "Red Component" : 0.52799570560455322,
    "Color Space" : "sRGB",
    "Blue Component" : 0.51833462715148926,
    "Alpha Component" : 1,
    "Green Component" : 0.52255105972290039
  },
  "Working Directory" : "\/Users\/ehco",
  "Prompt Before Closing 2" : false,
  "Selected Text Color" : {
    "Red Component" : 0.95254784822463989,
    "Color Space" : "sRGB",
    "Blue Component" : 0.35665830969810486,
    "Alpha Component" : 1,
    "Green Component" : 0.89089375734329224
  },
  "Rows" : 20,
  "Ansi 11 Color" : {
    "Red Component" : 0.99780803918838501,
    "Color Space" : "sRGB",
    "Blue Component" : 0.4963524341583252,
    "Alpha Component" : 1,
    "Green Component" : 0.93440383672714233
  },
  "Use Italic Font" : true,
  "Foreground Color" : {
    "Red Component" : 0.5099714994430542,
    "Color Space" : "sRGB",
    "Blue Component" : 0.50997728109359741,
    "Alpha Component" : 1,
    "Green Component" : 0.50998401641845703
  },
  "Right Option Key Sends" : 0,
  "Character Encoding" : 4,
  "Selection Color" : {
    "Red Component" : 0.37458604574203491,
    "Color Space" : "sRGB",
    "Blue Component" : 0.37163311243057251,
    "Alpha Component" : 1,
    "Green Component" : 0.38497427105903625
  },
  "Blend" : 0.082661007612179482,
  "Mouse Reporting" : true,
  "Cursor Boost" : 0,
  "Ansi 4 Color" : {
    "Red Component" : 0.52766996622085571,
    "Color Space" : "sRGB",
    "Blue Component" : 0.53000825643539429,
    "Alpha Component" : 1,
    "Green Component" : 0.5171312689781189
  },
  "Non-ASCII Anti Aliased" : true,
  "Sync Title" : false,
  "Disable Window Resizing" : true,
  "Description" : "Default",
  "Close Sessions On End" : true,
  "Jobs to Ignore" : [
    "rlogin",
    "ssh",
    "slogin",
    "telnet"
  ],
  "Scrollback Lines" : 1000,
  "Flashing Bell" : false,
  "Cursor Guide Color" : {
    "Red Component" : 0.98970669507980347,
    "Color Space" : "sRGB",
    "Blue Component" : 0.46489900350570679,
    "Alpha Component" : 0.25,
    "Green Component" : 0.98807138204574585
  },
  "BM Growl" : true,
  "Ansi 3 Color" : {
    "Red Component" : 0.96404224634170532,
    "Color Space" : "sRGB",
    "Blue Component" : 0.16510564088821411,
    "Alpha Component" : 1,
    "Green Component" : 0.97926086187362671
  },
  "Use Non-ASCII Font" : false,
  "Link Color" : {
    "Red Component" : 0.73402667045593262,
    "Color Space" : "sRGB",
    "Blue Component" : 0.0042025442235171795,
    "Alpha Component" : 1,
    "Green Component" : 0.67754703760147095
  },
  "Shortcut" : "",
  "Background Image Location" : "\/Users\/ehco\/gwork\/wallpaper\/wallhaven-k9dpdd.png",
  "Bold Color" : {
    "Red Component" : 1,
    "Color Space" : "sRGB",
    "Blue Component" : 0.50055515393614769,
    "Alpha Component" : 1,
    "Green Component" : 0.4763946533203125
  },
  "Use Cursor Guide" : false,
  "Unlimited Scrollback" : false,
  "Idle Period" : 10,
  "Custom Command" : "No",
  "Smart Selection Rules" : [
    {
      "notes" : "Word bounded by whitespace",
      "regex" : "\\S+",
      "precision" : "low"
    },
    {
      "notes" : "C++ namespace::identifier",
      "regex" : "([a-zA-Z0-9_]+::)+[a-zA-Z0-9_]+",
      "precision" : "normal"
    },
    {
      "notes" : "Paths",
      "regex" : "\\~?\/?([[:letter:][:number:]._-]+\/+)+[[:letter:][:number:]._-]+\/?",
      "precision" : "normal"
    },
    {
      "notes" : "Quoted string",
      "regex" : "@?\"(?:[^\"\\\\]|\\\\.)*\"",
      "precision" : "normal"
    },
    {
      "notes" : "Java\/Python include paths",
      "regex" : "([[:letter:][:number:]._]+\\.)+[[:letter:][:number:]._]+",
      "precision" : "very_high"
    },
    {
      "notes" : "mailto URL",
      "regex" : "\\bmailto:([a-z0-9A-Z_]+@)?([a-zA-Z0-9\\-]+\\.)*[a-zA-Z0-9\\-]+\\b",
      "precision" : "normal"
    },
    {
      "notes" : "Obj-C selector",
      "regex" : "@selector\\([^)]+\\)",
      "precision" : "high"
    },
    {
      "notes" : "email address",
      "regex" : "\\b[A-Za-z0-9._%+-]+@[A-Za-z0-9.-]+\\.[A-Za-z]{2,4}\\b",
      "precision" : "high"
    },
    {
      "notes" : "HTTP URL",
      "regex" : "https?:\/\/([a-z0-9A-Z]+(:[a-zA-Z0-9]+)?@)?([a-z0-9A-Z][-a-z0-9A-Z]*\\.)+[A-Za-z][-A-Za-z]*((:[0-9]+)?)(\/[a-zA-Z0-9;\/\\.\\-_+%?&@=#\\(\\)~]*)?",
      "precision" : "very_high"
    },
    {
      "notes" : "SSH URL",
      "regex" : "\\bssh:([a-z0-9A-Z_]+@)?([a-zA-Z0-9\\-]+\\.)*[a-zA-Z0-9\\-]+\\b",
      "precision" : "very_high"
    },
    {
      "notes" : "Telnet URL",
      "regex" : "\\btelnet:([a-z0-9A-Z_]+@)?([a-zA-Z0-9\\-]+\\.)*[a-zA-Z0-9\\-]+\\b",
      "precision" : "very_high"
    }
  ],
  "Keyboard Map" : {
    "0xf700-0x260000" : {
      "Action" : 10,
      "Text" : "[1;6A"
    },
    "0x37-0x40000" : {
      "Action" : 11,
      "Text" : "0x1f"
    },
    "0x32-0x40000" : {
      "Action" : 11,
      "Text" : "0x00"
    },
    "0xf709-0x20000" : {
      "Action" : 10,
      "Text" : "[17;2~"
    },
    "0xf70c-0x20000" : {
      "Action" : 10,
      "Text" : "[20;2~"
    },
    "0xf729-0x20000" : {
      "Action" : 10,
      "Text" : "[1;2H"
    },
    "0xf72b-0x40000" : {
      "Action" : 10,
      "Text" : "[1;5F"
    },
    "0xf705-0x20000" : {
      "Action" : 10,
      "Text" : "[1;2Q"
    },
    "0xf703-0x260000" : {
      "Action" : 10,
      "Text" : "[1;6C"
    },
    "0xf700-0x220000" : {
      "Action" : 10,
      "Text" : "[1;2A"
    },
    "0xf701-0x280000" : {
      "Action" : 11,
      "Text" : "0x1b 0x1b 0x5b 0x42"
    },
    "0x38-0x40000" : {
      "Action" : 11,
      "Text" : "0x7f"
    },
    "0x33-0x40000" : {
      "Action" : 11,
      "Text" : "0x1b"
    },
    "0xf703-0x220000" : {
      "Action" : 10,
      "Text" : "[1;2C"
    },
    "0xf701-0x240000" : {
      "Action" : 10,
      "Text" : "[1;5B"
    },
    "0xf70d-0x20000" : {
      "Action" : 10,
      "Text" : "[21;2~"
    },
    "0xf702-0x260000" : {
      "Action" : 10,
      "Text" : "[1;6D"
    },
    "0xf729-0x40000" : {
      "Action" : 10,
      "Text" : "[1;5H"
    },
    "0xf706-0x20000" : {
      "Action" : 10,
      "Text" : "[1;2R"
    },
    "0x34-0x40000" : {
      "Action" : 11,
      "Text" : "0x1c"
    },
    "0xf700-0x280000" : {
      "Action" : 11,
      "Text" : "0x1b 0x1b 0x5b 0x41"
    },
    "0x2d-0x40000" : {
      "Action" : 11,
      "Text" : "0x1f"
    },
    "0xf70e-0x20000" : {
      "Action" : 10,
      "Text" : "[23;2~"
    },
    "0xf702-0x220000" : {
      "Action" : 10,
      "Text" : "[1;2D"
    },
    "0xf703-0x280000" : {
      "Action" : 10,
      "Text" : "f"
    },
    "0xf700-0x240000" : {
      "Action" : 10,
      "Text" : "[1;5A"
    },
    "0xf707-0x20000" : {
      "Action" : 10,
      "Text" : "[1;2S"
    },
    "0xf70a-0x20000" : {
      "Action" : 10,
      "Text" : "[18;2~"
    },
    "0x35-0x40000" : {
      "Action" : 11,
      "Text" : "0x1d"
    },
    "0xf70f-0x20000" : {
      "Action" : 10,
      "Text" : "[24;2~"
    },
    "0xf703-0x240000" : {
      "Action" : 10,
      "Text" : "[1;5C"
    },
    "0xf701-0x260000" : {
      "Action" : 10,
      "Text" : "[1;6B"
    },
    "0xf702-0x280000" : {
      "Action" : 10,
      "Text" : "b"
    },
    "0xf72b-0x20000" : {
      "Action" : 10,
      "Text" : "[1;2F"
    },
    "0x36-0x40000" : {
      "Action" : 11,
      "Text" : "0x1e"
    },
    "0xf708-0x20000" : {
      "Action" : 10,
      "Text" : "[15;2~"
    },
    "0xf701-0x220000" : {
      "Action" : 10,
      "Text" : "[1;2B"
    },
    "0xf70b-0x20000" : {
      "Action" : 10,
      "Text" : "[19;2~"
    },
    "0xf702-0x240000" : {
      "Action" : 10,
      "Text" : "[1;5D"
    },
    "0xf704-0x20000" : {
      "Action" : 10,
      "Text" : "[1;2P"
    }
  },
  "Ansi 14 Color" : {
    "Red Component" : 0.69902420043945312,
    "Color Space" : "sRGB",
    "Blue Component" : 0.70914286375045776,
    "Alpha Component" : 1,
    "Green Component" : 0.69865471124649048
  },